City_ID,City,Country,Date,Lat,Lng,Max Temp,Humidity,Cloudiness,Wind Speed,Weather Description,Rain(Inches),Snow (inches)
0,Terney,RU,2020-06-22 01:04:16,45.05,136.61,53.26,93,100,2.48,light rain,0.48,0.0
1,Gallipoli,TR,2020-06-22 01:04:16,40.41,26.67,67.5,79,0,5.48,clear sky,0.0,0.0
2,Atuona,PF,2020-06-22 01:04:16,-9.8,-139.03,80.11,69,0,10.63,clear sky,0.0,0.0
3,Puerto Ayora,EC,2020-06-22 01:04:16,-0.74,-90.35,70.0,94,10,1.01,clear sky,0.0,0.0
4,Punta Arenas,CL,2020-06-22 01:04:17,-53.15,-70.92,35.6,93,93,4.7,overcast clouds,0.0,0.0
5,New Norfolk,AU,2020-06-22 01:04:17,-42.78,147.06,55.0,93,99,1.01,moderate rain,1.52,0.0
6,Rikitea,PF,2020-06-22 01:04:18,-23.12,-134.97,70.93,67,86,18.5,overcast clouds,0.0,0.0
7,Hithadhoo,MV,2020-06-22 01:04:18,-0.6,73.08,83.7,67,100,5.3,overcast clouds,0.0,0.0
8,Port Elizabeth,ZA,2020-06-22 01:04:18,-33.92,25.57,50.0,93,23,4.7,few clouds,0.0,0.0
9,Maine-Soroa,NE,2020-06-22 01:04:19,13.21,12.02,85.82,48,6,15.37,clear sky,0.0,0.0
10,Ambon,ID,2020-06-22 01:04:19,-3.7,128.18,82.4,78,75,5.82,shower rain,0.0,0.0
11,Nieuw Amsterdam,SR,2020-06-22 01:04:20,5.88,-55.08,82.4,78,20,9.17,few clouds,0.0,0.0
12,Mopipi,BW,2020-06-22 01:04:20,-21.18,24.88,48.38,50,0,4.36,clear sky,0.0,0.0
13,Bluff,NZ,2020-06-22 01:04:21,-46.6,168.33,39.0,83,0,3.0,clear sky,0.0,0.0
14,Nikolskoye,RU,2020-06-22 01:04:21,59.7,30.79,59.0,67,0,4.47,clear sky,0.0,0.0
15,Ayotzintepec,MX,2020-06-22 01:04:22,17.67,-96.13,80.4,73,94,0.81,overcast clouds,0.0,0.0
16,Avarua,CK,2020-06-22 01:04:22,-21.21,-159.78,77.0,57,76,14.99,broken clouds,0.0,0.0
17,Kamina,CD,2020-06-22 01:04:23,-8.74,24.99,56.39,45,0,3.22,clear sky,0.0,0.0
18,Anupgarh,IN,2020-06-22 01:04:23,29.19,73.21,93.43,41,0,15.59,clear sky,0.0,0.0
19,Severo-Kurilsk,RU,2020-06-22 01:04:24,50.68,156.12,49.42,78,96,4.18,overcast clouds,0.0,0.0
20,Vardo,NO,2020-06-22 01:04:24,70.37,31.11,44.96,83,36,11.52,scattered clouds,0.0,0.0
21,Ushuaia,AR,2020-06-22 01:02:42,-54.8,-68.3,35.6,80,63,6.93,broken clouds,0.0,0.0
22,Bay Roberts,CA,2020-06-22 01:04:25,47.6,-53.26,50.0,58,99,10.07,overcast clouds,0.0,0.0
23,Hobart,AU,2020-06-22 01:01:41,-42.88,147.33,55.0,93,75,10.29,shower rain,5.47,0.0
24,Albany,US,2020-06-22 01:04:26,42.6,-73.97,84.0,55,41,3.2,light rain,0.2,0.0
25,Marsa Matruh,EG,2020-06-22 01:04:19,31.35,27.25,71.22,79,0,11.14,clear sky,0.0,0.0
26,Ostrovnoy,RU,2020-06-22 01:04:27,68.05,39.51,47.19,73,37,8.03,scattered clouds,0.0,0.0
27,Tymovskoye,RU,2020-06-22 01:04:28,50.85,142.66,59.94,56,96,6.55,overcast clouds,0.0,0.0
28,Winslow,US,2020-06-22 01:04:28,35.02,-110.7,98.6,7,1,8.05,clear sky,0.0,0.0
29,Torbay,CA,2020-06-22 01:04:29,47.67,-52.73,52.0,53,90,17.22,overcast clouds,0.0,0.0
30,Obihiro,JP,2020-06-22 01:04:29,42.92,143.2,53.6,93,90,2.24,light intensity drizzle,0.0,0.0
31,Hirara,JP,2020-06-22 01:04:30,24.8,125.28,86.0,84,75,14.99,broken clouds,0.0,0.0
32,Taltal,CL,2020-06-22 01:04:30,-25.4,-70.48,58.59,70,0,4.83,clear sky,0.0,0.0
33,Coachella,US,2020-06-22 01:04:31,33.68,-116.17,105.8,14,1,4.7,clear sky,0.0,0.0
34,Georgetown,MY,2020-06-22 01:04:01,5.41,100.34,82.4,94,20,2.24,few clouds,0.0,0.0
35,Hilo,US,2020-06-22 01:04:32,19.73,-155.09,84.2,54,1,10.29,clear sky,0.0,0.0
36,Carnarvon,AU,2020-06-22 01:04:33,-24.87,113.63,62.6,72,0,9.17,clear sky,0.0,0.0
37,Esperance,AU,2020-06-22 01:04:33,-33.87,121.9,42.8,81,0,17.22,clear sky,0.0,0.0
38,Qaanaaq,GL,2020-06-22 01:04:34,77.48,-69.36,39.24,72,47,2.66,scattered clouds,0.0,0.0
39,Punta De Bombon,PE,2020-06-22 01:04:36,-17.17,-71.79,61.16,78,59,3.53,broken clouds,0.0,0.0
40,Alanya,TR,2020-06-22 01:04:36,36.54,32.0,72.21,70,0,4.92,clear sky,0.0,0.0
41,Saint-Philippe,RE,2020-06-22 01:04:38,-21.36,55.77,68.0,68,20,9.17,few clouds,0.0,0.0
42,Kruisfontein,ZA,2020-06-22 01:04:38,-34.0,24.73,52.16,84,100,4.81,overcast clouds,0.0,0.0
43,Chara,RU,2020-06-22 01:04:39,56.91,118.26,65.14,45,82,1.21,broken clouds,0.0,0.0
44,Colombo,LK,2020-06-22 01:01:16,6.93,79.85,82.4,78,40,6.93,scattered clouds,0.0,0.0
45,Souillac,MU,2020-06-22 01:04:40,-20.52,57.52,69.8,83,40,9.17,scattered clouds,0.0,0.0
46,Port Alfred,ZA,2020-06-22 01:03:04,-33.59,26.89,59.0,92,49,4.0,scattered clouds,0.0,0.0
47,Bubaque,GW,2020-06-22 01:04:41,11.28,-15.83,81.54,86,0,14.07,clear sky,0.0,0.0
48,Norman Wells,CA,2020-06-22 01:04:41,65.28,-126.83,53.6,93,90,10.29,light rain,0.0,0.0
49,Yurga,RU,2020-06-22 01:04:42,55.72,84.89,54.54,76,26,10.29,scattered clouds,0.0,0.0
50,Astana,KZ,2020-06-22 01:00:46,51.18,71.45,53.6,62,0,6.71,clear sky,0.0,0.0
51,Mango,US,2020-06-22 01:04:43,27.98,-82.31,86.0,66,1,4.7,clear sky,0.0,0.0
52,Christchurch,NZ,2020-06-22 01:03:45,-43.53,172.63,51.01,76,62,6.93,broken clouds,0.0,0.0
53,Deputatskiy,RU,2020-06-22 01:04:44,69.3,139.9,83.82,22,28,2.84,scattered clouds,0.0,0.0
54,Inirida,CO,2020-06-22 01:04:44,3.87,-67.92,75.9,95,99,1.25,light rain,0.15,0.0
55,Hasaki,JP,2020-06-22 01:01:45,35.73,140.83,68.0,100,75,11.41,light intensity shower rain,0.0,0.0
56,Talnakh,RU,2020-06-22 01:04:45,69.49,88.4,59.0,47,72,20.13,broken clouds,0.0,0.0
57,Jalingo,NG,2020-06-22 01:04:46,8.88,11.37,74.75,91,100,3.78,moderate rain,1.88,0.0
58,Honiara,SB,2020-06-22 01:04:46,-9.43,159.95,89.6,62,20,9.17,few clouds,0.0,0.0
59,Seoul,KR,2020-06-22 01:00:21,37.57,126.98,82.4,61,0,3.36,clear sky,0.0,0.0
60,Hazorasp,UZ,2020-06-22 01:04:47,41.32,61.07,68.0,45,6,4.7,clear sky,0.0,0.0
61,Nome,US,2020-06-22 01:04:48,64.5,-165.41,57.2,71,40,8.05,scattered clouds,0.0,0.0
62,Arraial Do Cabo,BR,2020-06-22 00:59:52,-22.97,-42.03,73.24,86,0,15.05,clear sky,0.0,0.0
63,Itoman,JP,2020-06-22 01:04:49,26.12,127.67,82.4,94,75,6.93,light intensity shower rain,0.0,0.0
64,Natchez,US,2020-06-22 01:01:29,31.56,-91.4,77.0,88,1,8.05,clear sky,0.0,0.0
65,Mataura,NZ,2020-06-22 01:03:02,-46.19,168.86,39.0,83,0,3.0,clear sky,0.0,0.0
66,Luena,AO,2020-06-22 01:04:50,-11.78,19.92,47.68,55,0,3.8,clear sky,0.0,0.0
67,Leningradskiy,RU,2020-06-22 01:04:50,69.38,178.42,62.02,46,0,4.52,clear sky,0.0,0.0
68,Lamar,US,2020-06-22 01:04:51,33.67,-95.58,77.0,83,1,12.75,clear sky,0.0,0.0
69,East London,ZA,2020-06-22 01:04:51,-33.02,27.91,62.58,64,87,9.1,overcast clouds,0.0,0.0
70,Yellowknife,CA,2020-06-22 01:00:04,62.46,-114.35,80.01,38,20,16.11,few clouds,0.0,0.0
71,Cherskiy,RU,2020-06-22 01:04:48,68.75,161.3,84.18,25,62,14.0,broken clouds,0.0,0.0
72,Mount Gambier,AU,2020-06-22 01:02:05,-37.83,140.77,48.2,100,90,8.05,moderate rain,0.0,0.0
73,Cabo San Lucas,MX,2020-06-22 01:00:13,22.89,-109.91,82.4,37,5,6.93,clear sky,0.0,0.0
74,Sabha,LY,2020-06-22 01:04:53,27.04,14.43,75.11,31,0,16.82,clear sky,0.0,0.0
75,Rio Grande,BR,2020-06-22 01:00:07,-32.03,-52.1,63.0,91,7,5.01,clear sky,0.0,0.0
76,Lebu,CL,2020-06-22 01:04:54,-37.62,-73.65,50.86,84,97,17.67,overcast clouds,0.0,0.0
77,Vila Velha,BR,2020-06-22 01:03:12,-20.33,-40.29,70.0,88,0,3.36,clear sky,0.0,0.0
78,Saskylakh,RU,2020-06-22 01:04:55,71.92,114.08,63.07,52,50,10.45,scattered clouds,0.0,0.0
79,Henties Bay,NA,2020-06-22 01:04:55,-22.12,14.28,55.99,79,74,1.01,broken clouds,0.0,0.0
80,Mar Del Plata,AR,2020-06-22 01:04:13,-38.0,-57.56,50.0,87,20,5.91,few clouds,0.0,0.0
81,Zhuhai,CN,2020-06-22 01:02:13,22.28,113.57,91.0,84,40,11.41,scattered clouds,0.0,0.0
82,Kayerkan,RU,2020-06-22 01:04:59,69.35,87.76,59.0,47,99,20.13,overcast clouds,0.0,0.0
83,Ambilobe,MG,2020-06-22 01:05:01,-13.2,49.05,71.19,87,7,3.74,clear sky,0.0,0.0
84,Baijiantan,CN,2020-06-22 01:05:01,45.63,85.18,63.0,28,0,6.73,clear sky,0.0,0.0
85,Ust-Maya,RU,2020-06-22 01:05:01,60.42,134.53,64.53,42,100,8.19,overcast clouds,0.0,0.0
86,Busselton,AU,2020-06-22 01:03:17,-33.65,115.33,61.0,52,100,24.38,overcast clouds,0.0,0.0
87,Kautokeino,NO,2020-06-22 01:05:04,69.01,23.04,55.71,45,57,5.44,broken clouds,0.0,0.0
88,Nioro,GM,2020-06-22 01:05:05,13.35,-15.75,82.58,66,57,10.07,light rain,0.3,0.0
89,Lorengau,PG,2020-06-22 01:05:05,-2.02,147.27,85.77,64,21,3.76,few clouds,0.0,0.0
90,Ponta Do Sol,PT,2020-06-22 01:05:06,32.67,-17.1,69.8,68,40,17.22,scattered clouds,0.0,0.0
91,Kodiak,US,2020-06-22 01:02:54,57.79,-152.41,53.6,81,90,13.87,overcast clouds,0.0,0.0
92,San Andres,CO,2020-06-22 01:05:08,12.58,-81.7,80.6,88,40,8.05,scattered clouds,0.0,0.0
93,Ketchikan,US,2020-06-22 01:05:05,55.34,-131.65,57.2,67,75,13.87,broken clouds,0.0,0.0
94,Ilulissat,GL,2020-06-22 01:05:08,69.22,-51.1,48.2,45,4,3.36,clear sky,0.0,0.0
95,Yeppoon,AU,2020-06-22 01:05:09,-23.13,150.73,71.6,60,20,5.82,few clouds,0.0,0.0
96,Cape Town,ZA,2020-06-22 01:01:52,-33.93,18.42,53.6,93,20,9.17,few clouds,0.0,0.0
97,Karratha,AU,2020-06-22 01:04:48,-20.74,116.85,70.36,30,0,16.49,clear sky,0.0,0.0
98,Lebork,PL,2020-06-22 01:05:10,54.54,17.75,64.0,100,90,12.75,overcast clouds,0.0,0.0
99,Karatuzskoye,RU,2020-06-22 01:05:11,53.61,92.87,49.71,94,100,6.85,overcast clouds,0.0,0.0
100,Bengkulu,ID,2020-06-22 01:05:11,-3.8,102.27,78.04,85,99,4.52,overcast clouds,0.0,0.0
101,Vitry-Le-Francois,FR,2020-06-22 01:05:11,48.73,4.58,57.2,87,7,2.24,clear sky,0.0,0.0
102,Pecos,US,2020-06-22 01:05:12,31.42,-103.49,104.0,7,1,11.41,clear sky,0.0,0.0
103,Kostomuksha,RU,2020-06-22 01:05:12,64.57,30.58,52.12,71,1,5.91,clear sky,0.0,0.0
104,Puerto Penasco,MX,2020-06-22 01:03:35,31.32,-113.53,86.0,61,0,3.0,clear sky,0.0,0.0
105,Chokurdakh,RU,2020-06-22 01:05:13,70.63,147.92,76.41,36,0,15.08,clear sky,0.0,0.0
106,Llanera,ES,2020-06-22 01:05:14,43.46,-5.93,60.8,93,75,2.24,broken clouds,0.0,0.0
107,Nacala,MZ,2020-06-22 01:05:14,-14.54,40.67,70.47,82,0,10.29,clear sky,0.0,0.0
108,Sorland,NO,2020-06-22 01:05:15,67.67,12.69,60.1,61,0,12.48,clear sky,0.0,0.0
109,North Battleford,CA,2020-06-22 01:05:16,52.78,-108.28,62.6,45,1,2.24,clear sky,0.0,0.0
110,Lavrentiya,RU,2020-06-22 01:05:16,65.58,-171.0,59.49,44,0,9.42,clear sky,0.0,0.0
111,Avera,US,2020-06-22 01:05:17,33.19,-82.53,82.4,74,75,6.93,thunderstorm,0.0,0.0
112,Svetlogorsk,BY,2020-06-22 01:03:52,52.63,29.73,62.83,97,71,8.3,broken clouds,0.0,0.0
113,Laguna,US,2020-06-22 01:05:17,38.42,-121.42,95.0,28,1,11.41,clear sky,0.0,0.0
114,Gamba,GA,2020-06-22 01:05:18,-2.65,10.0,71.33,95,13,3.49,few clouds,0.0,0.0
115,Lompoc,US,2020-06-22 01:01:14,34.64,-120.46,64.4,72,6,13.87,clear sky,0.0,0.0
116,Codrington,AU,2020-06-22 01:05:19,-38.27,141.97,54.39,78,96,7.85,overcast clouds,0.0,0.0
117,Kutum,SD,2020-06-22 01:05:19,14.2,24.67,74.5,17,0,9.31,clear sky,0.0,0.0
118,Ribeira Grande,PT,2020-06-22 01:05:20,38.52,-28.7,66.31,87,7,14.23,clear sky,0.0,0.0
119,Dikson,RU,2020-06-22 01:05:21,73.51,80.55,45.36,72,100,14.74,overcast clouds,0.0,0.0
120,Ponta Delgada,PT,2020-06-22 01:04:26,37.73,-25.67,64.4,93,75,7.49,broken clouds,0.0,0.0
121,Dubai,AE,2020-06-22 01:05:22,25.26,55.3,86.0,79,4,10.29,clear sky,0.0,0.0
122,Vaini,TO,2020-06-22 01:05:22,-21.2,-175.2,80.6,88,40,10.29,scattered clouds,0.0,0.0
123,Arona,ES,2020-06-22 01:05:23,28.1,-16.68,69.8,77,0,10.29,clear sky,0.0,0.0
124,Skibbereen,IE,2020-06-22 01:05:23,51.55,-9.27,53.6,93,75,10.29,broken clouds,0.0,0.0
125,Lagoa,PT,2020-06-22 01:05:23,39.05,-27.98,65.89,87,0,19.17,clear sky,0.0,0.0
126,Broken Hill,AU,2020-06-22 01:05:24,-31.95,141.43,51.8,76,90,20.8,overcast clouds,0.0,0.0
127,Cidreira,BR,2020-06-22 01:05:24,-30.18,-50.21,68.99,81,91,6.44,overcast clouds,0.0,0.0
128,Ust-Tsilma,RU,2020-06-22 01:03:43,65.44,52.15,42.46,68,100,5.01,overcast clouds,0.0,0.0
129,Faanui,PF,2020-06-22 01:05:25,-16.48,-151.75,77.56,83,93,23.02,overcast clouds,0.0,0.0
130,Hamilton,US,2020-06-22 01:05:26,39.18,-84.53,73.99,83,90,4.7,light rain,0.25,0.0
131,Berlevag,NO,2020-06-22 01:03:04,70.86,29.09,44.53,87,100,13.96,overcast clouds,0.0,0.0
132,Kapaa,US,2020-06-22 01:01:57,22.08,-159.32,82.4,69,75,14.99,broken clouds,0.0,0.0
133,Caxito,AO,2020-06-22 01:05:27,-8.58,13.66,73.4,83,75,5.82,broken clouds,0.0,0.0
134,Mahebourg,MU,2020-06-22 01:05:27,-20.41,57.7,69.8,83,40,9.17,scattered clouds,0.0,0.0
135,Husavik,IS,2020-06-22 01:05:28,66.04,-17.34,55.4,71,75,20.8,broken clouds,0.0,0.0
136,Jamestown,US,2020-06-22 01:02:33,42.1,-79.24,77.0,73,90,5.82,overcast clouds,0.0,0.0
137,Saint-Joseph,RE,2020-06-22 01:05:29,-21.37,55.62,68.0,68,20,9.17,few clouds,0.0,0.0
138,Baglung,NP,2020-06-22 01:05:29,28.27,83.59,69.06,79,99,3.58,moderate rain,1.59,0.0
139,Tasiilaq,GL,2020-06-22 01:03:05,65.61,-37.64,48.2,76,90,5.82,overcast clouds,0.0,0.0
140,Poum,NC,2020-06-22 01:05:30,-20.23,164.02,73.0,71,24,8.46,few clouds,0.0,0.0
141,Barrow,US,2020-06-22 01:04:02,71.29,-156.79,37.4,86,90,14.99,overcast clouds,0.0,0.0
142,Saint George,US,2020-06-22 01:05:32,37.1,-113.58,100.4,8,1,16.11,clear sky,0.0,0.0
143,Moyale,KE,2020-06-22 01:05:33,3.52,39.06,65.75,83,100,10.47,overcast clouds,0.0,0.0
144,Brae,GB,2020-06-22 01:05:33,60.4,-1.35,53.6,93,70,11.41,broken clouds,0.0,0.0
145,Ngunguru,NZ,2020-06-22 01:05:34,-35.62,174.5,63.0,87,47,10.0,scattered clouds,0.0,0.0
146,Almaty,KZ,2020-06-22 01:02:20,43.25,76.95,59.0,58,24,1.48,few clouds,0.0,0.0
147,Yataity Del Norte,PY,2020-06-22 01:05:35,-24.83,-56.35,70.12,67,0,5.48,clear sky,0.0,0.0
148,Kirensk,RU,2020-06-22 01:05:35,57.79,108.11,73.51,48,0,7.14,clear sky,0.0,0.0
149,Ayan,RU,2020-06-22 01:05:36,56.45,138.17,42.55,97,100,6.15,light rain,0.14,0.0
150,Olinda,BR,2020-06-22 01:05:36,-8.01,-34.86,78.8,69,20,9.17,few clouds,0.0,0.0
151,Winton,US,2020-06-22 01:05:37,37.39,-120.61,98.6,23,5,14.99,clear sky,0.0,0.0
152,Barcelona,ES,2020-06-22 01:01:13,41.39,2.16,73.0,88,20,4.7,few clouds,0.0,0.0
153,Pontianak,ID,2020-06-22 01:05:38,-0.03,109.33,78.82,86,46,3.98,scattered clouds,0.0,0.0
154,Port Shepstone,ZA,2020-06-22 01:05:38,-30.74,30.45,63.32,69,0,5.95,clear sky,0.0,0.0
155,Sehithwa,BW,2020-06-22 01:05:39,-20.47,22.72,51.12,46,0,4.68,clear sky,0.0,0.0
156,Provideniya,RU,2020-06-22 01:05:39,64.38,-173.3,57.2,54,25,11.18,scattered clouds,0.0,0.0
157,Mineros,BO,2020-06-22 01:05:39,-17.12,-63.23,75.2,94,75,13.87,light rain,0.0,0.0
158,Tupik,RU,2020-06-22 01:05:40,54.43,119.93,61.75,60,28,4.27,scattered clouds,0.0,0.0
159,Santa Maria,BR,2020-06-22 01:05:40,-29.68,-53.81,77.0,65,40,4.7,scattered clouds,0.0,0.0
160,Gelemso,ET,2020-06-22 01:05:40,8.82,40.52,63.09,77,77,5.7,light rain,0.6,0.0
161,Itacarambi,BR,2020-06-22 01:05:41,-15.1,-44.09,66.34,60,0,4.32,clear sky,0.0,0.0
162,Senica,SK,2020-06-22 01:05:41,48.68,17.37,62.6,82,25,10.29,scattered clouds,0.0,0.0
163,Cavalcante,BR,2020-06-22 01:05:42,-13.8,-47.46,64.4,58,25,6.2,scattered clouds,0.0,0.0
164,Tura,IN,2020-06-22 01:05:42,25.52,90.22,78.17,86,2,4.94,clear sky,0.0,0.0
165,Auki,SB,2020-06-22 01:05:43,-8.77,160.7,85.46,67,22,1.81,light rain,0.61,0.0
166,Jerusalem,IL,2020-06-22 01:05:44,31.77,35.22,80.01,28,0,8.99,clear sky,0.0,0.0
167,Grand Gaube,MU,2020-06-22 01:04:47,-20.01,57.66,69.01,84,15,1.99,light rain,0.25,0.0
168,Narsaq,GL,2020-06-22 01:05:44,60.92,-46.05,53.6,54,100,6.93,overcast clouds,0.0,0.0
169,Nanortalik,GL,2020-06-22 01:05:45,60.14,-45.24,45.73,72,100,6.6,overcast clouds,0.0,0.0
170,Broome,US,2020-06-22 01:05:45,42.25,-75.83,75.99,2,0,3.6,clear sky,0.0,0.0
171,Leua,SK,2020-06-22 01:05:46,48.22,18.61,64.0,94,96,9.17,overcast clouds,0.0,0.0
172,Kalmunai,LK,2020-06-22 01:05:46,7.42,81.82,81.73,71,100,5.97,overcast clouds,0.0,0.0
173,Castro,BR,2020-06-22 01:05:47,-24.79,-50.01,57.65,83,0,2.73,clear sky,0.0,0.0
174,Gat,IL,2020-06-22 01:05:47,31.61,34.76,82.0,60,0,6.96,clear sky,0.0,0.0
175,Misratah,LY,2020-06-22 01:05:48,32.38,15.09,70.97,72,0,14.74,clear sky,0.0,0.0
176,Dudinka,RU,2020-06-22 01:05:49,69.41,86.18,59.0,47,75,20.13,broken clouds,0.0,0.0
177,Constantine,DZ,2020-06-22 01:05:49,36.37,6.61,60.8,63,0,2.39,clear sky,0.0,0.0
178,Maniitsoq,GL,2020-06-22 01:05:50,65.42,-52.9,46.74,63,100,8.88,overcast clouds,0.0,0.0
179,Walvis Bay,NA,2020-06-22 01:05:50,-22.96,14.51,55.99,66,8,3.36,clear sky,0.0,0.0
180,Jardim,BR,2020-06-22 01:05:51,-21.48,-56.14,70.07,63,0,4.0,clear sky,0.0,0.0
181,Bathsheba,BB,2020-06-22 01:04:57,13.22,-59.52,82.4,83,40,21.92,haze,0.0,0.0
182,Hermanus,ZA,2020-06-22 01:05:51,-34.42,19.23,55.99,91,100,3.0,overcast clouds,0.0,0.0
183,Westport,US,2020-06-22 01:05:35,41.14,-73.36,75.99,75,100,8.59,overcast clouds,0.0,0.0
184,Wakkanai,JP,2020-06-22 01:05:53,45.41,141.67,55.4,93,75,11.41,light intensity shower rain,0.0,0.0
185,Liverpool,GB,2020-06-22 01:03:42,53.41,-2.98,55.99,76,46,6.93,scattered clouds,0.0,0.0
186,Teguldet,RU,2020-06-22 01:05:53,57.31,88.17,58.12,65,91,3.47,overcast clouds,0.0,0.0
187,Noumea,NC,2020-06-22 01:05:54,-22.28,166.46,77.0,44,0,3.36,clear sky,0.0,0.0
188,Shingu,JP,2020-06-22 01:05:54,33.73,135.98,77.0,61,40,3.36,scattered clouds,0.0,0.0
189,Amahai,ID,2020-06-22 01:05:54,-3.33,128.92,80.01,98,67,1.99,light rain,0.5,0.0
190,Pochutla,MX,2020-06-22 01:05:55,15.74,-96.47,86.0,69,100,1.01,light rain,0.14,0.0
191,Dhidhdhoo,MV,2020-06-22 01:05:55,6.88,73.1,83.68,73,100,12.62,overcast clouds,0.0,0.0
192,Moree,AU,2020-06-22 01:05:56,-29.47,149.85,51.8,71,0,11.41,clear sky,0.0,0.0
193,Bambous Virieux,MU,2020-06-22 01:05:56,-20.34,57.76,69.8,83,40,9.17,scattered clouds,0.0,0.0
194,Thompson,CA,2020-06-22 01:05:57,55.74,-97.86,60.8,82,75,5.82,broken clouds,0.0,0.0
195,Samarai,PG,2020-06-22 01:05:58,-10.62,150.67,80.49,84,38,11.25,scattered clouds,0.0,0.0
196,Saldanha,ZA,2020-06-22 01:04:31,-33.01,17.94,50.0,93,100,1.12,overcast clouds,0.0,0.0
197,Sekoma,BW,2020-06-22 01:05:59,-24.4,23.88,48.13,50,0,5.88,clear sky,0.0,0.0
198,Puerto Rico,AR,2020-06-22 01:05:59,-26.8,-55.02,65.91,78,0,2.8,clear sky,0.0,0.0
199,Ambunti,PG,2020-06-22 01:06:00,-4.24,142.84,82.24,89,97,0.74,moderate rain,1.17,0.0
200,Labuhan,ID,2020-06-22 01:03:51,-6.88,112.21,78.35,85,100,5.79,overcast clouds,0.0,0.0
201,Paraiso,CR,2020-06-22 01:06:01,9.84,-83.87,71.6,78,75,5.82,broken clouds,0.0,0.0
202,Hohhot,CN,2020-06-22 01:06:02,40.81,111.65,66.2,72,40,4.47,light rain,0.0,0.0
203,Evensk,RU,2020-06-22 01:06:02,61.95,159.23,70.05,45,100,3.69,overcast clouds,0.0,0.0
204,Pevek,RU,2020-06-22 01:06:03,69.7,170.31,46.17,80,100,5.61,light rain,0.76,0.0
205,Marawi,PH,2020-06-22 01:06:04,8.0,124.29,84.0,75,22,4.0,few clouds,0.0,0.0
206,Oksfjord,NO,2020-06-22 01:06:04,70.24,22.35,54.0,54,0,3.36,clear sky,0.0,0.0
207,Alofi,NU,2020-06-22 01:06:05,-19.06,-169.92,82.4,69,21,13.87,few clouds,0.0,0.0
208,Schwedt,DE,2020-06-22 01:06:05,53.06,14.28,57.99,93,17,5.86,few clouds,0.0,0.0
209,Wajima,JP,2020-06-22 01:06:06,37.4,136.9,77.0,57,75,4.7,broken clouds,0.0,0.0
210,Beroroha,MG,2020-06-22 01:06:06,-21.67,45.17,63.36,90,0,1.66,clear sky,0.0,0.0
211,Pointe-Noire,CG,2020-06-22 01:06:07,-4.78,11.86,69.8,94,75,2.24,mist,0.0,0.0
212,Sao Filipe,CV,2020-06-22 01:06:08,14.9,-24.5,76.55,82,20,9.6,few clouds,0.0,0.0
213,Meulaboh,ID,2020-06-22 01:06:08,4.14,96.13,74.3,97,100,4.72,heavy intensity rain,10.13,0.0
214,Cap Malheureux,MU,2020-06-22 01:06:09,-19.98,57.61,69.01,84,39,1.99,light rain,0.25,0.0
215,Yartsevo,RU,2020-06-22 01:06:09,55.07,32.7,55.65,81,100,7.96,overcast clouds,0.0,0.0
216,Oropesa,PE,2020-06-22 01:06:09,-13.59,-71.77,51.15,74,10,4.9,clear sky,0.0,0.0
217,Oltu,TR,2020-06-22 01:06:10,40.55,42.0,50.43,77,2,1.03,clear sky,0.0,0.0
218,Tanout,NE,2020-06-22 01:06:10,14.97,8.89,88.86,12,0,6.85,clear sky,0.0,0.0
219,Pemba,MZ,2020-06-22 01:06:10,-12.97,40.52,73.27,78,0,16.42,clear sky,0.0,0.0
220,Hammerfest,NO,2020-06-22 01:06:11,70.66,23.68,42.8,87,33,6.93,scattered clouds,0.0,0.0
221,Arlit,NE,2020-06-22 01:06:11,18.74,7.39,90.79,11,42,5.59,scattered clouds,0.0,0.0
222,Clocolan,ZA,2020-06-22 01:06:11,-28.91,27.57,34.29,85,0,2.21,clear sky,0.0,0.0
223,Uyuni,BO,2020-06-22 01:06:12,-20.46,-66.83,42.08,46,0,2.68,clear sky,0.0,0.0
224,Ixtapa,MX,2020-06-22 01:06:12,20.7,-105.2,86.0,66,20,10.29,few clouds,0.0,0.0
225,Butaritari,KI,2020-06-22 01:06:13,3.07,172.79,83.26,78,0,14.54,clear sky,0.0,0.0
226,Wagar,SD,2020-06-22 01:06:13,16.15,36.2,89.02,45,100,18.48,overcast clouds,0.0,0.0
227,Ibotirama,BR,2020-06-22 01:06:13,-12.19,-43.22,70.11,62,10,2.93,clear sky,0.0,0.0
228,Nanacamilpa,MX,2020-06-22 01:06:14,19.48,-98.55,73.4,53,90,8.05,overcast clouds,0.0,0.0
229,Goderich,CA,2020-06-22 01:06:14,43.75,-81.72,72.0,79,89,5.3,overcast clouds,0.0,0.0
230,Ahipara,NZ,2020-06-22 01:06:15,-35.17,173.17,63.48,76,59,8.7,light rain,0.11,0.0
231,Neiafu,TO,2020-06-22 01:06:15,-18.65,-173.98,82.4,83,75,9.17,broken clouds,0.0,0.0
232,Krasnoselkup,RU,2020-06-22 01:06:16,65.7,82.47,50.76,87,100,14.63,light rain,0.37,0.0
233,Airai,TL,2020-06-22 01:06:16,-8.93,125.41,66.11,67,92,4.43,overcast clouds,0.0,0.0
234,Manokwari,ID,2020-06-22 01:06:16,-0.87,134.08,85.28,62,89,1.57,light rain,0.14,0.0
235,Bastia,FR,2020-06-22 01:06:17,42.67,9.33,73.0,68,0,3.36,clear sky,0.0,0.0
236,Madras,IN,2020-06-22 01:06:18,13.09,80.28,82.4,78,75,8.05,mist,0.0,0.0
237,Chuy,UY,2020-06-22 01:06:18,-33.7,-53.46,59.05,94,100,5.82,overcast clouds,0.0,0.0
238,Cockburn Town,TC,2020-06-22 01:05:49,21.46,-71.14,82.89,83,2,19.77,clear sky,0.0,0.0
239,Otradnoye,RU,2020-06-22 01:06:19,59.78,30.82,59.0,67,0,4.47,clear sky,0.0,0.0
240,Grindavik,IS,2020-06-22 01:06:19,63.84,-22.43,53.6,76,100,11.41,overcast clouds,0.0,0.0
241,Sioux Lookout,CA,2020-06-22 01:06:20,50.1,-91.92,62.6,77,40,5.82,scattered clouds,0.0,0.0
242,Santa Fe,AR,2020-06-22 01:05:00,-31.63,-60.7,59.0,71,100,1.99,overcast clouds,0.0,0.0
243,Abu Samrah,SY,2020-06-22 01:06:21,35.3,37.18,70.02,43,0,4.72,clear sky,0.0,0.0
244,Klaksvik,FO,2020-06-22 01:06:21,62.23,-6.59,50.0,100,45,10.29,scattered clouds,0.0,0.0
245,Oneonta,US,2020-06-22 01:04:29,42.45,-75.06,73.99,86,46,3.04,scattered clouds,0.0,0.0
246,Bowen,AU,2020-06-22 01:06:23,-20.02,148.23,80.01,53,37,6.93,scattered clouds,0.0,0.0
247,Hays,US,2020-06-22 01:06:24,30.05,-98.03,87.01,62,34,3.0,scattered clouds,0.0,0.0
248,Kilindoni,TZ,2020-06-22 01:06:24,-7.91,39.67,78.71,80,95,18.79,overcast clouds,0.0,0.0
249,Codajas,BR,2020-06-22 01:02:27,-3.84,-62.06,78.42,75,75,2.75,broken clouds,0.0,0.0
250,Wasilla,US,2020-06-22 01:06:25,61.58,-149.44,64.4,42,90,5.17,overcast clouds,0.0,0.0
251,Mogadishu,SO,2020-06-22 01:06:26,2.04,45.34,78.6,85,98,21.09,overcast clouds,0.0,0.0
252,Korhogo,CI,2020-06-22 01:06:26,9.45,-5.63,74.82,82,0,5.7,light rain,0.13,0.0
253,Te Anau,NZ,2020-06-22 01:06:27,-45.42,167.72,47.97,64,0,0.72,clear sky,0.0,0.0
254,Saint-Pierre,RE,2020-06-22 01:06:28,-21.34,55.48,68.0,68,20,9.17,few clouds,0.0,0.0
255,San Patricio,MX,2020-06-22 01:06:29,19.22,-104.7,86.0,74,40,2.08,scattered clouds,0.0,0.0
256,Los Llanos De Aridane,ES,2020-06-22 01:06:29,28.66,-17.92,71.6,68,40,13.87,scattered clouds,0.0,0.0
257,Ewa Beach,US,2020-06-22 01:06:30,21.32,-158.01,84.2,51,75,12.75,shower rain,0.0,0.0
258,Khatanga,RU,2020-06-22 01:06:30,71.97,102.5,64.42,53,64,7.49,broken clouds,0.0,0.0
259,Kaspiyskiy,RU,2020-06-22 01:06:31,45.39,47.37,77.09,42,76,6.73,broken clouds,0.0,0.0
260,Ulaangom,MN,2020-06-22 01:06:31,49.98,92.07,46.17,72,100,11.65,overcast clouds,0.0,0.0
261,Bredasdorp,ZA,2020-06-22 01:06:32,-34.53,20.04,51.8,93,99,4.14,overcast clouds,0.0,0.0
262,Sitka,US,2020-06-22 01:06:32,57.05,-135.33,53.6,71,90,12.75,overcast clouds,0.0,0.0
263,Makakilo City,US,2020-06-22 01:06:33,21.35,-158.09,84.2,57,40,13.87,scattered clouds,0.0,0.0
264,Nyurba,RU,2020-06-22 01:06:34,63.28,118.33,65.32,82,94,4.29,overcast clouds,0.0,0.0
265,Paamiut,GL,2020-06-22 01:06:35,61.99,-49.67,41.7,83,100,16.91,overcast clouds,0.0,0.0
266,Cefalu,IT,2020-06-22 01:06:36,38.04,14.02,66.0,83,69,1.99,broken clouds,0.0,0.0
267,Korla,CN,2020-06-22 01:06:36,41.76,86.15,68.0,91,0,8.5,clear sky,0.0,0.0
268,Bandarbeyla,SO,2020-06-22 01:03:31,9.49,50.81,79.9,69,1,26.02,clear sky,0.0,0.0
269,Guerrero Negro,MX,2020-06-22 01:06:40,27.98,-114.06,67.24,71,0,20.02,clear sky,0.0,0.0
270,Porbandar,IN,2020-06-22 01:06:43,21.64,69.61,84.51,76,87,14.65,moderate rain,2.34,0.0
271,Kota,IN,2020-06-22 01:06:43,25.18,75.83,80.6,78,75,2.24,broken clouds,0.0,0.0
272,Isangel,VU,2020-06-22 01:06:43,-19.55,169.27,78.8,74,40,11.41,scattered clouds,0.0,0.0
273,Longyearbyen,SJ,2020-06-22 01:03:04,78.22,15.64,42.8,70,20,4.7,few clouds,0.0,0.0
274,Suruc,TR,2020-06-22 01:06:44,36.98,38.42,68.0,60,0,3.91,clear sky,0.0,0.0
275,Adoni,IN,2020-06-22 01:06:45,15.63,77.28,79.39,70,100,14.12,overcast clouds,0.0,0.0
276,Kahului,US,2020-06-22 01:04:40,20.89,-156.47,89.6,40,20,17.22,few clouds,0.0,0.0
277,Neuquen,AR,2020-06-22 01:06:50,-38.95,-68.06,48.2,66,100,8.16,overcast clouds,0.0,0.0
278,Port Lincoln,AU,2020-06-22 01:06:52,-34.73,135.87,58.1,65,0,18.77,clear sky,0.0,0.0
279,Kungurtug,RU,2020-06-22 01:06:53,50.6,97.52,53.67,71,39,2.57,scattered clouds,0.0,0.0
280,Havoysund,NO,2020-06-22 01:03:38,71.0,24.66,42.8,87,56,6.93,broken clouds,0.0,0.0
281,Alugan,PH,2020-06-22 01:06:57,12.22,125.48,84.94,75,99,9.53,overcast clouds,0.0,0.0
282,Gotsu,JP,2020-06-22 01:06:59,35.0,132.22,73.4,78,20,5.82,few clouds,0.0,0.0
283,Port-Gentil,GA,2020-06-22 01:07:00,-0.72,8.78,74.98,85,2,12.41,clear sky,0.0,0.0
284,Katsuura,JP,2020-06-22 01:07:02,35.13,140.3,70.0,88,75,10.29,light intensity shower rain,0.0,0.0
285,Constitucion,CL,2020-06-22 01:03:52,-35.33,-72.42,50.74,75,100,3.11,overcast clouds,0.0,0.0
286,Stornoway,GB,2020-06-22 01:07:12,58.21,-6.39,52.0,93,0,11.41,clear sky,0.0,0.0
287,Pangnirtung,CA,2020-06-22 01:07:13,66.15,-65.71,47.93,58,96,2.8,overcast clouds,0.0,0.0
288,Mitsamiouli,KM,2020-06-22 01:03:58,-11.38,43.28,78.4,81,68,17.09,light rain,0.42,0.0
289,Zhangjiakou,CN,2020-06-22 01:07:18,40.81,114.88,75.88,49,98,7.36,overcast clouds,0.0,0.0
290,Wairoa,NZ,2020-06-22 01:07:18,-39.03,177.37,58.12,85,52,6.71,light rain,0.15,0.0
291,Iqaluit,CA,2020-06-22 01:07:20,63.75,-68.51,41.0,75,75,4.7,broken clouds,0.0,0.0
292,Tuy Hoa,VN,2020-06-22 01:07:21,13.08,109.3,84.65,70,0,4.21,clear sky,0.0,0.0
293,Kultuk,RU,2020-06-22 01:07:22,51.72,103.7,64.2,67,100,1.9,overcast clouds,0.0,0.0
294,Agadez,NE,2020-06-22 01:07:23,19.75,10.25,86.11,13,0,8.57,clear sky,0.0,0.0
295,Richards Bay,ZA,2020-06-22 01:07:23,-28.78,32.04,62.17,77,11,8.16,few clouds,0.0,0.0
296,Port Blair,IN,2020-06-22 01:07:24,11.67,92.75,83.73,79,92,8.61,overcast clouds,0.0,0.0
297,Aklavik,CA,2020-06-22 01:07:24,68.22,-135.01,59.0,54,75,9.17,broken clouds,0.0,0.0
298,Bridlington,GB,2020-06-22 01:07:25,54.08,-0.19,53.6,87,0,5.82,clear sky,0.0,0.0
299,Stromness,GB,2020-06-22 01:07:25,58.97,-3.3,51.8,100,0,6.93,clear sky,0.0,0.0
300,Lata,PT,2020-06-22 01:03:49,40.16,-8.33,63.0,91,30,3.09,scattered clouds,0.0,0.0
301,Koumac,NC,2020-06-22 01:07:28,-20.57,164.28,74.34,64,11,4.65,few clouds,0.0,0.0
302,Namatanai,PG,2020-06-22 01:07:28,-3.67,152.43,85.73,68,27,3.47,scattered clouds,0.0,0.0
303,Tilichiki,RU,2020-06-22 01:07:29,60.47,166.1,71.49,46,0,2.01,clear sky,0.0,0.0
304,Conde,BR,2020-06-22 01:04:02,-7.26,-34.91,73.4,94,20,5.82,few clouds,0.0,0.0
305,San Ramon,US,2020-06-22 01:05:38,37.78,-121.98,84.99,39,1,13.87,clear sky,0.0,0.0
306,Arroyo,ES,2020-06-22 01:07:33,41.61,-4.8,62.01,82,0,13.87,clear sky,0.0,0.0
307,Padang,ID,2020-06-22 01:07:33,-0.95,100.35,79.09,80,96,4.72,light rain,0.33,0.0
308,Balasheyka,RU,2020-06-22 01:07:34,53.28,48.09,47.3,89,0,8.41,clear sky,0.0,0.0
309,Erdaojiang,CN,2020-06-22 01:07:35,41.78,126.03,77.63,47,2,3.94,clear sky,0.0,0.0
310,Ankazoabo,MG,2020-06-22 01:07:36,-22.28,44.52,61.65,90,29,5.03,scattered clouds,0.0,0.0
311,Luanda,AO,2020-06-22 01:07:37,-8.84,13.23,73.4,83,75,5.82,broken clouds,0.0,0.0
312,Mezen,RU,2020-06-22 01:07:40,65.85,44.24,48.34,63,100,9.1,overcast clouds,0.0,0.0
313,Festus,US,2020-06-22 01:06:03,38.22,-90.4,84.99,77,0,1.92,light rain,0.15,0.0
314,Masallatah,LY,2020-06-22 01:07:43,32.62,14.0,69.4,56,0,13.8,clear sky,0.0,0.0
315,Tuktoyaktuk,CA,2020-06-22 01:07:46,69.45,-133.04,51.8,66,40,12.75,scattered clouds,0.0,0.0
316,Coromandel,BR,2020-06-22 01:07:48,-18.47,-47.2,57.69,61,0,3.76,clear sky,0.0,0.0
317,Khorixas,NA,2020-06-22 01:07:49,-20.37,14.97,54.23,39,0,6.35,clear sky,0.0,0.0
318,Severomuysk,RU,2020-06-22 01:07:50,56.15,113.43,56.5,60,78,3.56,light rain,0.84,0.0
319,Espinosa,BR,2020-06-22 01:07:52,-14.93,-42.82,63.57,72,94,5.08,overcast clouds,0.0,0.0
320,Orneta,PL,2020-06-22 01:07:54,54.11,20.13,62.67,95,94,3.29,overcast clouds,0.0,0.0
321,Caracollo,PE,2020-06-22 01:07:56,-14.92,-70.66,42.58,50,3,2.62,clear sky,0.0,0.0
322,Bethel,US,2020-06-22 01:08:01,41.37,-73.41,80.6,57,1,11.41,clear sky,0.0,0.0
323,Khor,RU,2020-06-22 01:08:04,47.89,134.95,56.64,94,100,2.53,light rain,0.17,0.0
324,Aktash,RU,2020-06-22 01:08:06,50.3,87.73,30.58,98,100,4.18,overcast clouds,0.0,0.0
325,Louis Trichardt,ZA,2020-06-22 01:08:08,-23.04,29.9,49.12,49,0,4.43,clear sky,0.0,0.0
326,Caravelas,BR,2020-06-22 01:04:11,-17.71,-39.25,69.35,72,0,3.4,clear sky,0.0,0.0
327,Baghdad,IQ,2020-06-22 01:07:00,33.34,44.4,82.4,34,0,8.05,clear sky,0.0,0.0
328,Port Macquarie,AU,2020-06-22 01:06:57,-31.43,152.92,60.01,77,0,7.38,clear sky,0.0,0.0
329,Rondonopolis,BR,2020-06-22 01:04:41,-16.47,-54.64,71.69,56,0,2.86,clear sky,0.0,0.0
330,Namie,JP,2020-06-22 01:08:14,37.48,141.0,70.0,88,100,3.8,overcast clouds,0.0,0.0
331,Ayagoz,KZ,2020-06-22 01:08:15,47.97,80.44,52.9,42,5,12.97,clear sky,0.0,0.0
332,Kaitangata,NZ,2020-06-22 01:08:16,-46.28,169.85,43.0,70,0,7.0,clear sky,0.0,0.0
333,Fortuna,US,2020-06-22 01:03:21,40.6,-124.16,62.01,87,90,9.17,overcast clouds,0.0,0.0
334,Buchanan,LR,2020-06-22 01:08:17,5.88,-10.05,76.62,89,100,6.26,light rain,0.3,0.0
335,Batemans Bay,AU,2020-06-22 01:03:26,-35.72,150.18,54.0,77,9,3.0,clear sky,0.0,0.0
336,Diego De Almagro,CL,2020-06-22 01:08:20,-26.37,-70.05,50.54,66,0,1.41,clear sky,0.0,0.0
337,Lavumisa,SZ,2020-06-22 01:08:20,-27.31,31.89,46.4,100,0,1.12,clear sky,0.0,0.0
338,Abay,KZ,2020-06-22 01:08:21,49.63,72.85,57.2,41,33,11.18,scattered clouds,0.0,0.0
339,Biasong,PH,2020-06-22 01:08:21,10.52,123.74,86.0,74,40,4.7,scattered clouds,0.0,0.0
340,Yulara,AU,2020-06-22 01:03:50,-25.24,130.99,51.8,57,0,13.87,clear sky,0.0,0.0
341,Quelimane,MZ,2020-06-22 01:08:23,-17.88,36.89,64.4,93,11,2.24,few clouds,0.0,0.0
342,Horsham,GB,2020-06-22 01:08:24,51.06,-0.33,53.6,76,55,1.12,broken clouds,0.0,0.0
343,Moose Factory,CA,2020-06-22 01:08:25,51.26,-80.61,57.2,93,90,11.41,overcast clouds,0.0,0.0
344,Ojinaga,MX,2020-06-22 01:08:27,29.57,-104.42,102.2,10,1,9.17,clear sky,0.0,0.0
345,Touros,BR,2020-06-22 01:08:28,-5.2,-35.46,73.4,88,40,4.7,scattered clouds,0.0,0.0
346,Rawson,AR,2020-06-22 01:08:29,-43.3,-65.1,49.8,48,7,9.04,clear sky,0.0,0.0
347,Mariental,NA,2020-06-22 01:08:31,-24.63,17.97,51.64,40,0,10.02,clear sky,0.0,0.0
348,Upernavik,GL,2020-06-22 01:08:32,72.79,-56.15,41.52,66,100,6.31,overcast clouds,0.0,0.0
349,Mehamn,NO,2020-06-22 01:08:32,71.04,27.85,44.51,89,100,13.67,overcast clouds,0.0,0.0
350,Namibe,AO,2020-06-22 01:08:33,-15.2,12.15,67.57,64,0,1.68,clear sky,0.0,0.0
351,Formosa,AR,2020-06-22 01:08:34,-26.18,-58.18,80.6,61,98,8.05,overcast clouds,0.0,0.0
352,Magadan,RU,2020-06-22 01:08:35,59.57,150.8,59.72,65,0,4.38,clear sky,0.0,0.0
353,Svetlyy,RU,2020-06-22 01:08:36,54.67,20.13,62.6,93,74,2.24,broken clouds,0.0,0.0
354,Tiksi,RU,2020-06-22 01:08:37,71.69,128.87,40.64,85,72,11.14,broken clouds,0.0,0.0
355,Bontang,ID,2020-06-22 01:08:40,0.13,117.5,80.38,84,70,4.74,light rain,0.83,0.0
356,Kabinda,CD,2020-06-22 01:08:41,-6.13,24.48,65.34,44,0,2.93,clear sky,0.0,0.0
357,Kavieng,PG,2020-06-22 01:08:42,-2.57,150.8,86.05,65,5,3.83,clear sky,0.0,0.0
358,Ghanzi,BW,2020-06-22 01:08:43,-21.57,21.78,43.48,62,0,3.11,clear sky,0.0,0.0
359,Rio Gallegos,AR,2020-06-22 01:08:15,-51.62,-69.22,33.8,77,99,6.93,overcast clouds,0.0,0.0
360,Ossora,RU,2020-06-22 01:08:46,59.24,163.07,65.95,51,2,5.39,clear sky,0.0,0.0
361,Muros,ES,2020-06-22 01:08:47,42.78,-9.06,59.0,94,2,1.01,clear sky,0.0,0.0
362,Tolbazy,RU,2020-06-22 01:08:47,54.02,55.88,42.8,93,0,6.71,clear sky,0.0,0.0
363,Victoria,HK,2020-06-22 01:05:24,22.29,114.16,89.01,80,100,7.0,overcast clouds,0.0,0.0
364,Vershino-Darasunskiy,RU,2020-06-22 01:08:50,52.35,115.52,61.48,60,0,6.91,clear sky,0.0,0.0
365,Asfi,MA,2020-06-22 01:08:50,32.3,-9.24,69.37,76,0,10.89,clear sky,0.0,0.0
366,Nuuk,GL,2020-06-22 01:06:28,64.18,-51.72,41.0,86,15,4.7,few clouds,0.0,0.0
367,Luderitz,NA,2020-06-22 01:08:54,-26.65,15.16,50.0,93,0,4.7,clear sky,0.0,0.0
368,Freetown,SL,2020-06-22 01:04:42,8.48,-13.23,78.55,86,100,5.64,overcast clouds,0.0,0.0
369,Aasiaat,GL,2020-06-22 01:08:56,68.71,-52.87,40.6,70,0,5.73,clear sky,0.0,0.0
370,Baffa,PK,2020-06-22 01:08:58,34.44,73.22,76.57,40,0,5.21,clear sky,0.0,0.0
371,Prabumulih,ID,2020-06-22 01:08:59,-3.45,104.25,75.6,96,100,3.42,overcast clouds,0.0,0.0
372,Hailar,CN,2020-06-22 01:09:00,49.2,119.7,67.41,52,17,9.6,few clouds,0.0,0.0
373,Coihaique,CL,2020-06-22 01:09:01,-45.58,-72.07,39.2,86,75,3.36,broken clouds,0.0,0.0
374,Phan Thiet,VN,2020-06-22 01:06:28,10.93,108.1,82.17,80,62,3.53,broken clouds,0.0,0.0
375,Puri,IN,2020-06-22 01:09:04,19.8,85.85,80.6,100,40,5.82,mist,0.0,0.0
376,Phalodi,IN,2020-06-22 01:09:06,27.13,72.37,88.81,56,0,15.12,clear sky,0.0,0.0
377,Arkhara,RU,2020-06-22 01:09:08,49.42,130.08,55.47,94,100,5.91,overcast clouds,0.0,0.0
378,Ahuimanu,US,2020-06-22 01:05:03,21.44,-157.84,84.2,58,75,11.41,broken clouds,0.0,0.0
379,Phalombe,MW,2020-06-22 01:09:11,-15.81,35.65,54.54,84,0,2.62,clear sky,0.0,0.0
380,Santa Marta,CO,2020-06-22 01:06:33,11.24,-74.2,81.0,87,100,10.22,overcast clouds,0.0,0.0
381,Beringovskiy,RU,2020-06-22 01:09:14,63.05,179.32,53.2,47,0,7.94,clear sky,0.0,0.0
382,Saint-Francois,FR,2020-06-22 01:09:18,46.42,3.91,64.4,72,90,4.7,light rain,0.0,0.0
383,Paraopeba,BR,2020-06-22 01:09:20,-19.28,-44.4,64.4,72,0,3.36,clear sky,0.0,0.0
384,Beloha,MG,2020-06-22 01:09:22,-25.17,45.05,67.21,81,99,2.77,overcast clouds,0.0,0.0
385,Gisborne,NZ,2020-06-22 01:05:08,-38.65,178.0,58.19,84,61,10.76,light rain,0.26,0.0
386,Doha,QA,2020-06-22 01:09:25,25.29,51.53,89.6,46,0,11.41,clear sky,0.0,0.0
387,Nueva Gerona,CU,2020-06-22 01:09:26,21.88,-82.8,85.14,66,0,6.51,clear sky,0.0,0.0
388,Byron Bay,AU,2020-06-22 01:09:28,-28.65,153.62,62.01,59,0,9.17,clear sky,0.0,0.0
389,Emerald,AU,2020-06-22 01:09:30,-23.53,148.17,66.99,34,0,10.29,clear sky,0.0,0.0
390,Lasa,IT,2020-06-22 01:09:31,46.62,10.7,54.0,76,75,5.82,broken clouds,0.0,0.0
391,Marquette,US,2020-06-22 01:09:33,46.53,-87.63,69.01,88,67,4.88,light rain,0.11,0.0
392,Abha,SA,2020-06-22 01:07:04,18.22,42.51,68.0,63,10,4.7,clear sky,0.0,0.0
393,Port Hardy,CA,2020-06-22 01:09:38,50.7,-127.42,59.0,77,75,5.82,broken clouds,0.0,0.0
394,Price,US,2020-06-22 01:09:40,39.6,-110.81,87.8,10,1,11.41,clear sky,0.0,0.0
395,Huilong,CN,2020-06-22 01:09:42,31.81,121.66,77.0,82,88,5.99,overcast clouds,0.0,0.0
396,Waipawa,NZ,2020-06-22 01:09:44,-41.41,175.52,53.6,93,72,11.41,broken clouds,0.0,0.0
397,Tazovskiy,RU,2020-06-22 01:09:46,67.47,78.7,48.76,85,50,14.7,scattered clouds,0.0,0.0
398,Ozark,US,2020-06-22 01:09:47,37.02,-93.21,78.01,68,38,4.9,scattered clouds,0.0,0.0
399,Hervey Bay,AU,2020-06-22 01:09:50,-25.3,152.85,71.01,57,35,8.99,scattered clouds,0.0,0.0
400,Gabu,GW,2020-06-22 01:09:52,12.28,-14.22,80.51,79,11,6.38,light rain,0.25,0.0
401,Cabedelo,BR,2020-06-22 01:09:53,-6.98,-34.83,73.4,94,20,5.82,few clouds,0.0,0.0
402,Eyl,SO,2020-06-22 01:09:55,7.98,49.82,81.68,61,23,19.26,few clouds,0.0,0.0
403,Wajid,SO,2020-06-22 01:09:57,3.81,43.25,73.47,68,89,20.8,overcast clouds,0.0,0.0
404,Roma,US,2020-06-22 01:07:01,43.21,-75.46,86.0,42,1,4.7,clear sky,0.0,0.0
405,Tual,ID,2020-06-22 01:10:00,-5.67,132.75,79.84,80,0,21.74,clear sky,0.0,0.0
406,Puerto Escondido,MX,2020-06-22 01:10:02,15.85,-97.07,87.8,74,40,3.36,scattered clouds,0.0,0.0
407,Kiruna,SE,2020-06-22 01:10:03,67.86,20.23,55.4,66,89,3.36,overcast clouds,0.0,0.0
408,Shadrinsk,RU,2020-06-22 01:06:39,56.09,63.63,45.12,80,0,7.25,clear sky,0.0,0.0
409,Talara,PE,2020-06-22 01:10:07,-4.58,-81.27,65.71,84,0,12.62,clear sky,0.0,0.0
410,Tigil,RU,2020-06-22 01:10:11,57.8,158.67,71.92,41,7,5.17,clear sky,0.0,0.0
411,Mandan,US,2020-06-22 01:10:15,46.83,-100.89,73.4,49,1,0.98,clear sky,0.0,0.0
412,Saint-Leu,RE,2020-06-22 01:10:18,-21.15,55.28,68.0,68,20,9.17,few clouds,0.0,0.0
413,Tondano,ID,2020-06-22 01:10:19,1.3,124.91,84.2,74,20,2.24,few clouds,0.0,0.0
414,Chistogorskiy,RU,2020-06-22 01:10:21,53.98,87.38,54.61,73,64,0.85,broken clouds,0.0,0.0
415,Iskateley,RU,2020-06-22 01:10:23,67.68,53.15,42.06,84,100,10.49,overcast clouds,0.0,0.0
416,Port Keats,AU,2020-06-22 01:10:24,-14.25,129.55,81.03,31,0,13.56,clear sky,0.0,0.0
417,Ancud,CL,2020-06-22 01:10:26,-41.87,-73.82,46.99,100,90,16.11,overcast clouds,0.0,0.0
418,Soresina,IT,2020-06-22 01:10:28,45.29,9.86,69.01,69,0,1.57,clear sky,0.0,0.0
419,Hoskote,IN,2020-06-22 01:10:29,13.07,77.8,71.6,100,75,13.87,broken clouds,0.0,0.0
420,Fukue,JP,2020-06-22 01:10:31,32.69,128.84,75.2,73,0,10.29,clear sky,0.0,0.0
421,Qaqortoq,GL,2020-06-22 01:10:36,60.72,-46.03,51.8,57,100,4.7,overcast clouds,0.0,0.0
422,Tabas,IR,2020-06-22 01:10:40,33.6,56.92,86.0,10,0,4.7,clear sky,0.0,0.0
423,Soe,ID,2020-06-22 01:10:42,-9.86,124.28,72.01,74,84,8.19,broken clouds,0.0,0.0
424,Tuatapere,NZ,2020-06-22 01:10:44,-46.13,167.68,39.0,83,0,3.0,clear sky,0.0,0.0
425,Verkhnyaya Inta,RU,2020-06-22 01:10:45,65.98,60.31,40.64,78,100,11.86,overcast clouds,0.0,0.0
426,Annau,TM,2020-06-22 01:10:47,37.89,58.52,80.6,44,0,9.17,clear sky,0.0,0.0
427,Rawah,IQ,2020-06-22 01:10:51,34.48,41.91,77.86,38,0,9.95,clear sky,0.0,0.0
428,Oktyabrskoye,RU,2020-06-22 01:10:53,43.06,44.74,60.8,93,100,6.71,light rain,0.58,0.0
429,Comodoro Rivadavia,AR,2020-06-22 01:10:53,-45.87,-67.5,51.8,50,100,12.75,overcast clouds,0.0,0.0
430,Nicoya,CR,2020-06-22 01:10:56,10.15,-85.45,82.4,83,75,5.82,broken clouds,0.0,0.0
431,Nouadhibou,MR,2020-06-22 01:10:57,20.93,-17.03,73.4,73,0,14.99,clear sky,0.0,0.0
432,Ust-Kuyga,RU,2020-06-22 01:10:58,70.02,135.6,82.0,37,100,12.21,overcast clouds,0.0,0.0
433,Pimentel,PE,2020-06-22 01:10:58,-6.84,-79.93,64.67,83,1,11.79,clear sky,0.0,0.0
434,Miandrivazo,MG,2020-06-22 01:10:59,-19.52,45.47,67.69,84,1,1.57,clear sky,0.0,0.0
435,Aranos,NA,2020-06-22 01:10:59,-24.13,19.12,50.04,46,0,10.96,clear sky,0.0,0.0
436,Kuala Selangor,MY,2020-06-22 01:11:00,3.35,101.25,79.0,88,20,1.12,few clouds,0.0,0.0
437,Dali,CN,2020-06-22 01:11:00,25.7,100.18,67.44,77,64,4.68,broken clouds,0.0,0.0
438,Miraflores,MX,2020-06-22 01:11:01,19.22,-98.81,73.4,60,90,18.34,thunderstorm,0.0,0.0
439,College,US,2020-06-22 01:11:01,64.86,-147.8,53.6,87,90,9.17,light rain,0.89,0.0
440,Waingapu,ID,2020-06-22 01:11:01,-9.66,120.26,81.93,71,98,15.1,overcast clouds,0.0,0.0
441,Springdale,US,2020-06-22 01:11:02,36.19,-94.13,80.6,57,1,8.05,clear sky,0.0,0.0
442,Umm Lajj,SA,2020-06-22 01:11:03,25.02,37.27,85.93,34,53,9.46,broken clouds,0.0,0.0
443,El Centro,US,2020-06-22 01:11:03,32.79,-115.56,107.6,11,1,9.17,clear sky,0.0,0.0
444,Maragogi,BR,2020-06-22 01:08:04,-9.01,-35.22,76.35,74,0,10.0,clear sky,0.0,0.0
445,Necochea,AR,2020-06-22 01:11:04,-38.55,-58.74,39.99,94,0,4.0,clear sky,0.0,0.0
446,Outjo,NA,2020-06-22 01:11:05,-20.12,16.15,47.08,52,0,6.51,clear sky,0.0,0.0
447,Tulum,MX,2020-06-22 01:11:05,20.22,-87.47,84.2,79,40,6.93,scattered clouds,0.0,0.0
448,Mikhaylovka,RU,2020-06-22 01:11:05,50.06,43.24,64.0,84,58,4.0,broken clouds,0.0,0.0
449,Kalakamati,BW,2020-06-22 01:11:06,-20.59,27.31,49.6,47,0,5.28,clear sky,0.0,0.0
450,Urcos,PE,2020-06-22 01:11:06,-13.69,-71.62,48.63,75,12,4.68,few clouds,0.0,0.0
451,Petropavlovsk-Kamchatskiy,RU,2020-06-22 01:11:07,53.05,158.65,69.8,43,98,6.71,overcast clouds,0.0,0.0
452,San Roque,ES,2020-06-22 01:11:07,36.21,-5.38,71.6,64,0,3.36,clear sky,0.0,0.0
453,Brookhaven,US,2020-06-22 01:08:18,31.58,-90.44,82.0,79,90,4.56,overcast clouds,0.0,0.0
454,Acapulco,MX,2020-06-22 01:06:09,16.86,-99.89,87.8,70,20,4.7,few clouds,0.0,0.0
455,Cayenne,GF,2020-06-22 01:11:09,4.93,-52.33,78.8,94,20,1.12,few clouds,0.0,0.0
456,Sibolga,ID,2020-06-22 01:11:09,1.74,98.78,78.03,80,100,2.62,light rain,0.26,0.0
457,Dingle,PH,2020-06-22 01:11:09,11.0,122.67,85.68,73,95,6.24,overcast clouds,0.0,0.0
458,San Cristobal,VE,2020-06-22 01:08:44,7.77,-72.22,75.2,88,75,4.7,broken clouds,0.0,0.0
459,Sencha,UA,2020-06-22 01:11:10,50.25,33.35,64.87,95,99,9.46,light rain,0.63,0.0
460,Bose,IT,2020-06-22 01:11:11,45.46,8.01,66.99,73,100,6.35,overcast clouds,0.0,0.0
461,Wonthaggi,AU,2020-06-22 01:11:11,-38.6,145.59,50.0,95,100,12.44,moderate rain,1.07,0.0
462,Saint-Georges,GD,2020-06-22 01:11:12,12.06,-61.75,82.4,83,20,23.04,dust,0.0,0.0
463,Gogrial,SS,2020-06-22 01:11:14,8.53,28.1,74.23,83,100,10.69,overcast clouds,0.0,0.0
464,Dunn,US,2020-06-22 01:11:16,44.95,-91.88,64.99,100,75,5.82,light rain,0.25,0.0
465,At-Bashi,KG,2020-06-22 01:11:19,41.17,75.81,59.41,34,0,1.52,clear sky,0.0,0.0
466,Manggar,ID,2020-06-22 01:11:21,-2.88,108.27,81.03,83,100,9.93,light rain,0.71,0.0
467,Khani,GE,2020-06-22 01:11:23,41.96,42.96,60.8,93,0,5.82,clear sky,0.0,0.0
468,Darhan,MN,2020-06-22 01:11:25,49.49,105.92,64.33,64,100,5.48,overcast clouds,0.0,0.0
469,Mandalgovi,MN,2020-06-22 01:11:27,45.76,106.27,62.67,55,100,10.0,overcast clouds,0.0,0.0
470,Wewak,PG,2020-06-22 01:11:29,-3.55,143.63,83.61,74,85,5.82,light rain,0.33,0.0
471,Iaciara,BR,2020-06-22 01:11:05,-14.1,-46.63,67.3,52,42,4.9,scattered clouds,0.0,0.0
472,Sydney,AU,2020-06-22 01:10:01,-33.87,151.21,57.2,58,75,10.29,broken clouds,0.0,0.0
473,Tessalit,ML,2020-06-22 01:11:35,20.2,1.01,92.52,10,0,12.03,clear sky,0.0,0.0
474,Sooke,CA,2020-06-22 01:11:37,48.37,-123.73,66.99,57,39,4.0,scattered clouds,0.0,0.0
475,Kristiinankaupunki,FI,2020-06-22 01:11:38,62.27,21.38,57.36,78,0,4.99,clear sky,0.0,0.0
476,Whitehorse,CA,2020-06-22 01:10:58,60.72,-135.05,61.0,29,75,20.8,broken clouds,0.0,0.0
477,Elko,US,2020-06-22 01:11:42,41.0,-115.5,87.8,12,1,14.99,clear sky,0.0,0.0
478,Buta,CD,2020-06-22 01:11:43,2.79,24.73,70.07,88,58,0.47,broken clouds,0.0,0.0
479,Dongning,CN,2020-06-22 01:11:44,44.06,131.12,69.17,84,100,1.77,overcast clouds,0.0,0.0
480,Fomboni,KM,2020-06-22 01:11:45,-12.28,43.74,79.25,80,3,18.97,light rain,0.25,0.0
481,Jyvaskyla,FI,2020-06-22 01:11:47,62.24,25.72,46.0,100,72,1.12,fog,0.0,0.0
482,Rorvik,NO,2020-06-22 01:11:48,64.86,11.24,58.77,81,8,9.01,clear sky,0.0,0.0
483,Kaeo,NZ,2020-06-22 01:11:49,-35.1,173.78,64.0,3,53,10.0,light rain,0.14,0.0
484,Geraldton,AU,2020-06-22 01:11:51,-28.77,114.6,64.4,27,0,26.4,clear sky,0.0,0.0
485,Ostashkov,RU,2020-06-22 01:11:53,57.15,33.11,49.06,95,64,4.76,broken clouds,0.0,0.0
486,Muscatine,US,2020-06-22 01:11:55,41.47,-91.13,78.8,69,1,8.05,clear sky,0.0,0.0
487,Hami,CN,2020-06-22 01:11:57,42.8,93.45,74.5,19,6,14.25,clear sky,0.0,0.0
488,Srednekolymsk,RU,2020-06-22 01:11:59,67.45,153.68,89.1,21,0,10.18,clear sky,0.0,0.0
489,Coquimbo,CL,2020-06-22 01:07:24,-29.95,-71.34,55.4,93,20,4.7,few clouds,0.0,0.0
490,Zhanaozen,KZ,2020-06-22 01:12:03,43.3,52.8,80.24,17,97,17.25,overcast clouds,0.0,0.0
491,Haines Junction,CA,2020-06-22 01:12:04,60.75,-137.51,55.74,39,87,9.4,overcast clouds,0.0,0.0
492,Krasnyy Chikoy,RU,2020-06-22 01:12:07,50.36,108.75,53.87,90,100,3.85,moderate rain,3.34,0.0
493,Inhambane,MZ,2020-06-22 01:12:08,-23.86,35.38,64.18,72,0,4.25,clear sky,0.0,0.0
494,Terra Santa,BR,2020-06-22 01:12:09,-2.1,-56.49,76.28,83,29,3.13,scattered clouds,0.0,0.0
495,Cehegin,ES,2020-06-22 01:12:11,38.09,-1.8,72.0,76,0,1.01,clear sky,0.0,0.0
496,Ferkessedougou,CI,2020-06-22 01:12:14,9.6,-5.2,76.73,80,20,6.69,few clouds,0.0,0.0
497,Omachi,JP,2020-06-22 01:11:15,36.5,137.87,70.0,77,75,11.41,broken clouds,0.0,0.0
498,The Valley,AI,2020-06-22 01:12:21,18.22,-63.06,84.2,79,40,13.87,scattered clouds,0.0,0.0
499,Mananara,MG,2020-06-22 01:12:22,-16.17,49.77,69.19,89,65,6.46,broken clouds,0.0,0.0
500,Sumbe,AO,2020-06-22 01:12:24,-11.21,13.84,70.54,85,0,5.06,clear sky,0.0,0.0
501,Catuday,PH,2020-06-22 01:12:26,16.29,119.81,84.11,72,100,6.58,overcast clouds,0.0,0.0
502,Balashov,RU,2020-06-22 01:12:28,51.55,43.17,62.01,83,57,5.99,broken clouds,0.0,0.0
503,Kristiansund,NO,2020-06-22 01:12:31,63.11,7.73,59.0,93,90,10.29,light rain,0.0,0.0
504,Nautla,MX,2020-06-22 01:12:33,20.22,-96.78,83.25,78,95,11.68,overcast clouds,0.0,0.0
505,Zima,RU,2020-06-22 01:12:34,53.92,102.04,68.86,56,74,3.8,broken clouds,0.0,0.0
506,Gonaives,HT,2020-06-22 01:12:37,19.45,-72.68,83.19,74,20,3.4,few clouds,0.0,0.0
507,Olafsvik,IS,2020-06-22 01:12:39,64.89,-23.71,52.41,80,100,19.15,overcast clouds,0.0,0.0
508,Hashtrud,IR,2020-06-22 01:12:41,37.48,47.05,54.86,72,11,2.86,few clouds,0.0,0.0
509,Asau,RO,2020-06-22 01:12:43,46.43,26.4,60.01,93,100,3.85,overcast clouds,0.0,0.0
510,Maningrida,AU,2020-06-22 01:12:45,-12.07,134.27,77.97,57,0,13.02,clear sky,0.0,0.0
511,Zhucheng,CN,2020-06-22 01:08:20,35.99,119.4,76.86,57,85,10.22,overcast clouds,0.0,0.0
512,Half Moon Bay,US,2020-06-22 01:12:49,37.46,-122.43,71.01,87,90,6.93,mist,0.0,0.0
513,Omagh,GB,2020-06-22 01:12:51,54.6,-7.3,46.33,92,100,5.7,overcast clouds,0.0,0.0
514,Narrabri,AU,2020-06-22 01:12:53,-30.32,149.78,51.8,66,75,9.17,broken clouds,0.0,0.0
515,Onda,ES,2020-06-22 01:12:55,39.97,-0.25,72.0,68,0,5.41,clear sky,0.0,0.0
516,Esna,EG,2020-06-22 01:12:57,25.29,32.55,87.82,14,0,10.36,clear sky,0.0,0.0
517,Kemijarvi,FI,2020-06-22 01:12:58,66.71,27.43,52.9,68,0,6.53,clear sky,0.0,0.0
518,Latung,PH,2020-06-22 01:13:00,5.5,120.88,83.61,70,61,5.21,broken clouds,0.0,0.0
519,Washougal,US,2020-06-22 01:13:02,45.58,-122.35,75.2,41,20,3.36,few clouds,0.0,0.0
520,Ambulu,ID,2020-06-22 01:13:04,-8.35,113.61,79.43,78,94,2.35,overcast clouds,0.0,0.0
521,Sinnamary,GF,2020-06-22 01:13:06,5.38,-52.95,78.3,86,0,8.5,clear sky,0.0,0.0
522,Okha,RU,2020-06-22 01:13:08,53.57,142.95,45.54,81,100,11.43,overcast clouds,0.0,0.0
523,Faya,SA,2020-06-22 01:13:10,18.39,42.45,68.0,63,1,4.7,clear sky,0.0,0.0
524,Kovdor,RU,2020-06-22 01:13:12,67.57,30.48,58.39,57,21,10.22,few clouds,0.0,0.0
525,Poplar Bluff,US,2020-06-22 01:13:14,36.76,-90.39,82.4,61,1,5.82,clear sky,0.0,0.0
526,San Quintin,MX,2020-06-22 01:13:17,30.48,-115.95,66.96,77,3,16.93,clear sky,0.0,0.0
527,Dahra,DZ,2020-06-22 01:13:19,36.25,0.85,77.0,31,0,3.36,clear sky,0.0,0.0
528,Pacific Grove,US,2020-06-22 01:13:20,36.62,-121.92,71.01,68,1,9.17,clear sky,0.0,0.0
529,San Juan,AR,2020-06-22 01:09:38,-31.54,-68.54,49.21,49,20,0.65,few clouds,0.0,0.0
530,Scottsbluff,US,2020-06-22 01:13:28,41.87,-103.67,73.4,46,1,10.29,clear sky,0.0,0.0
531,Menomonie,US,2020-06-22 01:13:29,44.88,-91.92,64.0,100,75,5.82,light rain,0.25,0.0
532,Gloucester,GB,2020-06-22 01:13:31,51.87,-2.24,52.0,92,12,6.06,few clouds,0.0,0.0
533,Mackay,AU,2020-06-22 01:08:46,-21.15,149.2,73.4,64,0,6.93,clear sky,0.0,0.0
534,Tateyama,JP,2020-06-22 01:13:35,34.98,139.87,70.0,88,75,10.29,mist,0.0,0.0
535,Ambatondrazaka,MG,2020-06-22 01:13:37,-17.83,48.42,58.75,92,43,4.23,scattered clouds,0.0,0.0
536,Krasnyy Yar,RU,2020-06-22 01:13:42,46.53,48.35,73.4,53,4,3.83,clear sky,0.0,0.0
537,Hastings,GB,2020-06-22 01:13:45,50.86,0.57,55.99,69,0,1.99,clear sky,0.0,0.0
538,Bayonne,FR,2020-06-22 01:11:09,43.33,-1.42,64.4,82,90,3.36,overcast clouds,0.0,0.0
539,Novoye Leushino,RU,2020-06-22 01:13:48,56.81,40.51,46.85,83,20,4.56,few clouds,0.0,0.0
540,Tamandare,BR,2020-06-22 01:13:52,-8.76,-35.1,75.96,77,18,10.22,light rain,0.11,0.0
541,Aykhal,RU,2020-06-22 01:13:54,66.0,111.5,73.4,43,40,2.24,scattered clouds,0.0,0.0
542,Saint Anthony,US,2020-06-22 01:13:55,45.02,-93.22,73.0,68,75,5.82,light rain,0.25,0.0
543,Kibala,TD,2020-06-22 01:14:01,9.11,18.35,77.0,88,20,4.88,few clouds,0.0,0.0
544,Esfarayen,IR,2020-06-22 01:14:07,37.08,57.51,62.6,59,0,8.14,clear sky,0.0,0.0
545,Bombay,IN,2020-06-22 01:13:15,19.01,72.85,80.6,94,75,4.7,haze,0.0,0.0
546,San Lazaro,BZ,2020-06-22 01:14:13,18.04,-88.66,86.0,79,40,11.41,scattered clouds,0.0,0.0
547,Sao Joao Da Barra,BR,2020-06-22 01:14:15,-21.64,-41.05,72.0,88,0,11.48,clear sky,0.0,0.0
548,Jalu,LY,2020-06-22 01:14:17,29.03,21.55,69.3,74,0,11.23,clear sky,0.0,0.0
549,Bilma,NE,2020-06-22 01:14:18,18.69,12.92,83.97,14,0,3.94,clear sky,0.0,0.0
550,Margate,GB,2020-06-22 01:13:09,51.38,1.39,57.99,75,4,1.99,clear sky,0.0,0.0
551,Itarema,BR,2020-06-22 01:14:24,-2.92,-39.92,77.43,80,4,9.91,clear sky,0.0,0.0
552,Inongo,CD,2020-06-22 01:14:25,-1.95,18.27,71.87,72,64,3.94,broken clouds,0.0,0.0
553,Windhoek,NA,2020-06-22 01:14:27,-22.56,17.08,51.8,29,0,4.7,clear sky,0.0,0.0
554,San Rafael,AR,2020-06-22 01:14:29,-34.62,-68.33,46.92,49,0,6.15,clear sky,0.0,0.0
555,Tapiramuta,BR,2020-06-22 01:14:31,-11.85,-40.79,62.96,100,67,7.2,broken clouds,0.0,0.0
556,Berdigestyakh,RU,2020-06-22 01:14:35,62.1,126.7,70.18,35,28,10.07,scattered clouds,0.0,0.0
